{
    "house_id": 4,
    "appliance_names": [
        "Computer_Site",
        "Freezer",
        "Fridge",
        "Fridge_Freezer",
        "Kettle",
        "Microwave",
        "Television_Site",
        "Washing_Machine_1",
        "Washing_Machine_2"
    ],
    "mean_adjacency": [
        [
            1.0,
            0.02224220521748066,
            0.062388498336076736,
            0.045999448746442795,
            0.0,
            0.0,
            0.034600142389535904,
            0.03767106682062149,
            0.03051052801311016
        ],
        [
            0.02224220521748066,
            1.0,
            0.2912595868110657,
            0.30313366651535034,
            0.0,
            0.0,
            0.09606605023145676,
            0.2908923923969269,
            0.04306633770465851
        ],
        [
            0.062388498336076736,
            0.2912595868110657,
            1.0,
            0.2712387144565582,
            0.0,
            0.0,
            0.13915328681468964,
            0.39017343521118164,
            0.11797065287828445
        ],
        [
            0.045999448746442795,
            0.30313366651535034,
            0.2712387144565582,
            1.0,
            0.0,
            0.0,
            0.10388615727424622,
            0.31126299500465393,
            0.04385383427143097
        ],
        [
            0.0,
            0.0,
            0.0,
            0.0,
            1.0,
            0.0,
            0.0,
            0.0,
            0.0
        ],
        [
            0.0,
            0.0,
            0.0,
            0.0,
            0.0,
            1.0,
            0.0,
            0.0,
            0.0
        ],
        [
            0.034600142389535904,
            0.09606605023145676,
            0.13915328681468964,
            0.10388615727424622,
            0.0,
            0.0,
            1.0,
            0.14766989648342133,
            0.04599585756659508
        ],
        [
            0.03767106682062149,
            0.2908923923969269,
            0.39017346501350403,
            0.31126299500465393,
            0.0,
            0.0,
            0.14766988158226013,
            1.0,
            0.09314155578613281
        ],
        [
            0.030510524287819862,
            0.04306633397936821,
            0.11797064542770386,
            0.04385383427143097,
            0.0,
            0.0,
            0.04599585011601448,
            0.09314155578613281,
            1.0
        ]
    ],
    "normal_errors": [
        0.015343906357884407,
        0.13523676991462708,
        0.2091984748840332,
        0.1306370198726654,
        0.021485133096575737,
        0.040465764701366425,
        0.11974750459194183,
        0.18723997473716736,
        0.018792973831295967
    ],
    "faulty_errors": [
        0.015339399687945843,
        0.12376043945550919,
        0.20222577452659607,
        0.12725800275802612,
        0.021485133096575737,
        0.040465764701366425,
        0.11973708868026733,
        0.2066659927368164,
        0.019812267273664474
    ],
    "drift_ratios": [
        0.99970622411662,
        0.915138971586635,
        0.9666694447558865,
        0.9741342990519289,
        0.99999995345619,
        0.999999975287753,
        0.9999130093639695,
        1.103749303123804,
        1.054237950697996
    ],
    "statuses": [
        "OK",
        "WARNING",
        "WARNING",
        "WARNING",
        "OK",
        "OK",
        "OK",
        "WARNING",
        "WARNING"
    ],
    "injected_nodes": [
        1,
        2,
        3,
        7,
        8
    ],
    "metadata": {
        "House": 4,
        "SourceFile": "CLEAN_House4.csv",
        "TotalRawRows": 3000,
        "ProcessedRows": 3313,
        "StartTime": "2014-04-01 00:00:00",
        "EndTime": "2014-04-01 07:21:36",
        "SamplingFrequency": "8s",
        "Mappings": {
            "Appliance1": "Fridge",
            "Appliance2": "Freezer",
            "Appliance3": "Fridge-Freezer",
            "Appliance4": "Washing Machine (1)",
            "Appliance5": "Washing Machine (2)",
            "Appliance6": "Computer Site",
            "Appliance7": "Television Site",
            "Appliance8": "Microwave",
            "Appliance9": "Kettle"
        },
        "Thresholds": {
            "Fridge": 15.0,
            "Freezer": 15.0,
            "Fridge_Freezer": 15.0,
            "Washing_Machine_1": 20.0,
            "Washing_Machine_2": 20.0,
            "Computer_Site": 10.0,
            "Television_Site": 10.0,
            "Microwave": 100.0,
            "Kettle": 1000.0
        }
    },
    "summaries": {
        "Fridge": {
            "active_pct": 49.6227,
            "mean_power": 118.57,
            "threshold": 15.0
        },
        "Freezer": {
            "active_pct": 37.549,
            "mean_power": 904.34,
            "threshold": 15.0
        },
        "Fridge_Freezer": {
            "active_pct": 38.0018,
            "mean_power": 571.54,
            "threshold": 15.0
        },
        "Washing_Machine_1": {
            "active_pct": 56.4745,
            "mean_power": 79.32,
            "threshold": 20.0
        },
        "Washing_Machine_2": {
            "active_pct": 8.8138,
            "mean_power": 1079.05,
            "threshold": 20.0
        },
        "Computer_Site": {
            "active_pct": 4.0447,
            "mean_power": 2177.05,
            "threshold": 10.0
        },
        "Television_Site": {
            "active_pct": 16.0881,
            "mean_power": 14.27,
            "threshold": 10.0
        },
        "Microwave": {
            "active_pct": 0.0,
            "mean_power": 0.0,
            "threshold": 100.0
        },
        "Kettle": {
            "active_pct": 0.0,
            "mean_power": 0.0,
            "threshold": 1000.0
        }
    }
}